id	acc	active_sequence	seq_score	taxid	organism	tax_score
AAV66466.1/1-664	AAV66466.1	True	34.0	300826	Pichia sp. BZ159	0.015872822579609133
AAF02494.1/1-664	AAF02494.1	True	34.0	1156966	Ogataea methanolica	1.0767423877970004
AAV66465.1/1-664	AAV66465.1	True	34.0	300826	Pichia sp. BZ159	0.015872822579609133
AAF02495.1/1-663	AAF02495.1	True	34.0	1156966	Ogataea methanolica	1.0767423877970004
CAM84030.1/1-664	CAM84030.1	True	34.0	870730	Ogataea angusta	3.0767423877969997
tr|W1QCJ3|W1QCJ3_OGAPD/1-664	W1QCJ3_OGAPD	False	34.0	871575	Ogataea parapolymorpha DL-1	0.07674238779700017
AAB57849.1/1-663	AAB57849.1	True	34.0	4922	Komagataella pastoris	2.313145948697526
sp|P04842|ALOX1_KOMPG/1-663	ALOX1_KOMPG	False	34.0	644223	Komagataella phaffii GS115	1.563145948697526
AAQ99151.1/1-663	AAQ99151.1	True	34.0	4923	Ogataea pini	1.0767423877970004
CAM84032.1/1-664	CAM84032.1	True	34.0	870730	Ogataea angusta	3.0767423877969997
AHC95541.1/1-663	AHC95541.1	True	34.0	310468	Ogataea thermomethanolica (nom. inval.)	1.0767423877970004
tr|A0A1E4T6V9|A0A1E4T6V9_9ASCO/1-665	A0A1E4T6V9_9ASCO	False	34.0	983967	[Candida] arabinofermentans NRRL YB-2248	0.07674238779700017
tr|A0A1E4SXY7|A0A1E4SXY7_9ASCO/1-664	A0A1E4SXY7_9ASCO	False	34.0	983967	[Candida] arabinofermentans NRRL YB-2248	0.07674238779700017
tr|A0A1E4SZH3|A0A1E4SZH3_9ASCO/1-664	A0A1E4SZH3_9ASCO	False	34.0	983967	[Candida] arabinofermentans NRRL YB-2248	0.07674238779700017
CAM84031.1/1-664	CAM84031.1	True	32.0	870730	Ogataea angusta	3.0767423877969997
sp|C4R702|ALOX2_KOMPG/1-663	ALOX2_KOMPG	False	34.0	644223	Komagataella phaffii GS115	1.563145948697526
AAR89538.1/1-665	AAR89538.1	True	34.0	40125	Bipolaris victoriae	0.00028961420656757207
tr|W6YIK7|W6YIK7_COCC2/1-665	W6YIK7_COCC2	False	34.0	930089	Bipolaris zeicola 26-R-13	0.00028961420656757207
tr|A0A0D2AFJ7|A0A0D2AFJ7_9PEZI/1-664	A0A0D2AFJ7_9PEZI	False	33.9	253628	Verruconis gallopava	0.00028961420656757207
AAB57850.1/1-663	AAB57850.1	True	34.0	4922	Komagataella pastoris	2.313145948697526
tr|A0A1S9D6N2|A0A1S9D6N2_ASPOZ/1-665	A0A1S9D6N2_ASPOZ	False	33.9	5062	Aspergillus oryzae	0.0009667383290631679
tr|A0A364M4W2|A0A364M4W2_ASPFL/1-665	A0A364M4W2_ASPFL	False	33.9	5059	Aspergillus flavus	0.0009667383290631679
tr|B8NNE1|B8NNE1_ASPFN/1-665	B8NNE1_ASPFN	False	33.9	332952	Aspergillus flavus NRRL3357	0.0009667383290631679
tr|M2V4S3|M2V4S3_COCH5/1-665	M2V4S3_COCH5	False	34.0	701091	Bipolaris maydis C5	0.00028961420656757207
tr|A0A5N6DYK3|A0A5N6DYK3_ASPPA/1-665	A0A5N6DYK3_ASPPA	False	33.9	5067	Aspergillus parasiticus	0.0009667383290631679
tr|W6MF75|W6MF75_9ASCO/1-663	W6MF75_9ASCO	False	34.0	1382522	Kuraishia capsulata CBS 1993	0.003968060674847534
tr|M2RHN8|M2RHN8_COCSN/1-665	M2RHN8_COCSN	False	34.0	665912	Bipolaris sorokiniana ND90Pr	0.00028961420656757207
tr|A0A0F0IAE6|A0A0F0IAE6_ASPPU/1-665	A0A0F0IAE6_ASPPU	False	33.9	1403190	Aspergillus parasiticus SU-1	0.0009667383290631679
AAF82788.1/1-665	AAF82788.1	True	34.0	5499	Fulvia fulva	0.5565090245026852
tr|A0A5N6EB52|A0A5N6EB52_9EURO/1-665	A0A5N6EB52_9EURO	False	33.9	986946	Aspergillus novoparasiticus	0.0009667383290631679
tr|R0JW60|R0JW60_EXST2/1-665	R0JW60_EXST2	False	34.0	671987	Exserohilum turcica Et28A	0.00028961420656757207
tr|A0A0U5FTQ5|A0A0U5FTQ5_ASPCI/1-665	A0A0U5FTQ5_ASPCI	False	33.9	454130	Aspergillus calidoustus	0.0009667383290631679
tr|A0A5N7D6G6|A0A5N7D6G6_9EURO/1-665	A0A5N7D6G6_9EURO	False	33.9	1506151	Aspergillus pseudonomiae	0.0009667383290631679
tr|A0A5N6T6J1|A0A5N6T6J1_ASPPS/1-665	A0A5N6T6J1_ASPPS	False	33.9	132259	Aspergillus pseudotamarii	0.0009667383290631679
tr|A0A2G7FIX8|A0A2G7FIX8_9EURO/1-665	A0A2G7FIX8_9EURO	False	33.9	656916	Aspergillus arachidicola	0.0009667383290631679
tr|A0A0L1IYH5|A0A0L1IYH5_ASPNO/1-665	A0A0L1IYH5_ASPNO	False	33.9	1509407	Aspergillus nomiae NRRL 13137	0.0009667383290631679
tr|A0A5N7A3P5|A0A5N7A3P5_9EURO/1-665	A0A5N7A3P5_9EURO	False	33.9	61420	Aspergillus caelatus	0.0009667383290631679
tr|A0A1F7ZTY3|A0A1F7ZTY3_9EURO/1-665	A0A1F7ZTY3_9EURO	False	33.9	109264	Aspergillus bombycis	0.0009667383290631679
tr|A0A5N6UU48|A0A5N6UU48_9EURO/1-665	A0A5N6UU48_9EURO	False	33.9	41984	Aspergillus tamarii	0.0009667383290631679
tr|A0A3A2ZSQ4|A0A3A2ZSQ4_9EURO/1-665	A0A3A2ZSQ4_9EURO	False	33.9	2070753	Aspergillus sclerotialis	0.0009667383290631679
tr|A0A3N4KBK2|A0A3N4KBK2_9PEZI/1-663	A0A3N4KBK2_9PEZI	False	34.0	1392247	Morchella conica CCBAS932	0.0002497227114343345
tr|A0A5N5WS51|A0A5N5WS51_9EURO/1-664	A0A5N5WS51_9EURO	False	33.8	41062	Aspergillus leporis	0.0009667383290631679
tr|A0A443I0D2|A0A443I0D2_BYSSP/1-664	A0A443I0D2_BYSSP	False	33.9	264951	Paecilomyces variotii	1.0264194855852047
AAL56054.1/1-665	AAL56054.1	True	33.9	5076	Penicillium chrysogenum	0.20118100873831957
tr|B6H004|B6H004_PENRW/1-665	B6H004_PENRW	False	33.9	500485	Penicillium rubens Wisconsin 54-1255	0.001181008738319568
tr|A0A2I2G1Y8|A0A2I2G1Y8_9EURO/1-665	A0A2I2G1Y8_9EURO	False	33.9	1392250	Aspergillus steynii IBT 23096	0.0009667383290631679
tr|A0A401KSG4|A0A401KSG4_ASPAW/1-662	A0A401KSG4_ASPAW	False	33.599999999999994	105351	Aspergillus awamori	0.0009667383290631679
tr|A0A5N6FLB4|A0A5N6FLB4_PETAA/1-665	A0A5N6FLB4_PETAA	False	33.9	209559	Aspergillus alliaceus	0.0009667383290631679
tr|A0A1L9TT25|A0A1L9TT25_9EURO/1-665	A0A1L9TT25_9EURO	False	33.9	1036612	Aspergillus sydowii CBS 593.65	0.0009667383290631679
tr|A0A1V6TTI6|A0A1V6TTI6_9EURO/1-665	A0A1V6TTI6_9EURO	False	33.9	303698	Penicillium steckii	0.001181008738319568
tr|A0A177CWT1|A0A177CWT1_9PLEO/1-665	A0A177CWT1_9PLEO	False	34.0	1460663	Paraphaeosphaeria sporulosa	0.00028961420656757207
tr|A0A1L9P564|A0A1L9P564_ASPVE/1-665	A0A1L9P564_ASPVE	False	33.9	1036611	Aspergillus versicolor CBS 583.65	0.0009667383290631679
tr|V5FXD6|V5FXD6_BYSSN/1-664	V5FXD6_BYSSN	False	33.9	1356009	Paecilomyces variotii No. 5	1.0264194855852047
tr|A0A2V1DZ69|A0A2V1DZ69_9PLEO/1-665	A0A2V1DZ69_9PLEO	False	34.0	97972	Periconia macrospinosa	0.00028961420656757207
tr|A0A0A2L8C1|A0A0A2L8C1_PENIT/1-665	A0A0A2L8C1_PENIT	False	33.9	40296	Penicillium italicum	0.001181008738319568
tr|W6QZY1|W6QZY1_PENRF/1-665	W6QZY1_PENRF	False	33.9	1365484	Penicillium roqueforti FM164	0.001181008738319568
tr|A0A135LT87|A0A135LT87_PENPA/1-665	A0A135LT87_PENPA	False	33.9	5078	Penicillium griseofulvum	0.001181008738319568
tr|A0A0G4PTH8|A0A0G4PTH8_PENCA/1-665	A0A0G4PTH8_PENCA	False	33.9	1429867	Penicillium camemberti FM 013	0.001181008738319568
tr|A0A0A2K2L2|A0A0A2K2L2_PENEN/1-665	A0A0A2K2L2_PENEN	False	33.9	27334	Penicillium expansum	0.001181008738319568
tr|A0A364MXF6|A0A364MXF6_9PLEO/1-665	A0A364MXF6_9PLEO	False	34.0	183478	Stemphylium lycopersici	0.00028961420656757207
tr|A0A1Y1Y8W2|A0A1Y1Y8W2_9PLEO/1-665	A0A1Y1Y8W2_9PLEO	False	34.0	1231657	Clohesyomyces aquaticus	0.00028961420656757207
EAA66666.1/1-686	EAA66666.1	True	33.9	227341	Lyruterina	1.1121432580997685e-05
tr|Q5BFW3|Q5BFW3_EMENI/1-686	Q5BFW3_EMENI	False	33.9	227321	Aspergillus nidulans FGSC A4	0.0009667383290631679
tr|A0A1V6Y250|A0A1V6Y250_PENNA/1-665	A0A1V6Y250_PENNA	False	33.9	60175	Penicillium nalgiovense	0.001181008738319568
AAV66467.2/1-663	AAV66467.2	True	34.0	5477	[Candida] boidinii	1.0767423877970004
tr|Q0CAU6|Q0CAU6_ASPTN/1-668	Q0CAU6_ASPTN	False	34.0	341663	Aspergillus terreus NIH2624	0.0009667383290631679
tr|A0A0M9WC58|A0A0M9WC58_9EURO/1-665	A0A0M9WC58_9EURO	False	33.9	229535	Penicillium nordicum	0.001181008738319568
tr|A0A177D705|A0A177D705_ALTAL/1-665	A0A177D705_ALTAL	False	34.0	5599	Alternaria alternata	0.00028961420656757207
tr|A0A1L9NM57|A0A1L9NM57_ASPTC/1-662	A0A1L9NM57_ASPTC	False	33.599999999999994	767770	Aspergillus tubingensis CBS 134.48	0.0009667383290631679
tr|A0A3F3PYJ0|A0A3F3PYJ0_9EURO/1-662	A0A3F3PYJ0_9EURO	False	33.599999999999994	1341132	Aspergillus welwitschiae	0.0009667383290631679
tr|A0A101MG75|A0A101MG75_9EURO/1-665	A0A101MG75_9EURO	False	33.9	48697	Penicillium freii	0.001181008738319568
tr|A0A1V6S025|A0A1V6S025_9EURO/1-665	A0A1V6S025_9EURO	False	33.9	29845	Penicillium vulpinum	0.001181008738319568
tr|A0A1V6TRI2|A0A1V6TRI2_9EURO/1-665	A0A1V6TRI2_9EURO	False	33.9	254877	Penicillium flavigenum	0.001181008738319568
tr|A0A2T2NH42|A0A2T2NH42_CORCC/1-665	A0A2T2NH42_CORCC	False	34.0	1448308	Corynespora cassiicola Philippines	0.00028961420656757207
tr|A0A2D3VC62|A0A2D3VC62_9PEZI/1-665	A0A2D3VC62_9PEZI	False	34.0	112498	Ramularia collo-cygni	0.0009534689471297721
tr|A0A319DNN5|A0A319DNN5_9EURO/1-661	A0A319DNN5_9EURO	False	33.599999999999994	1448320	Aspergillus ellipticus CBS 707.79	0.0009667383290631679
tr|A0A317VRS8|A0A317VRS8_9EURO/1-661	A0A317VRS8_9EURO	False	33.599999999999994	1448321	Aspergillus heteromorphus CBS 117.55	0.0009667383290631679
tr|N1PK14|N1PK14_DOTSN/1-665	N1PK14_DOTSN	False	34.0	675120	Dothistroma septosporum NZE10	0.0009534689471297721
tr|A0A1L9RP90|A0A1L9RP90_ASPWE/1-664	A0A1L9RP90_ASPWE	False	33.9	1073089	Aspergillus wentii DTO 134E9	0.0009667383290631679
tr|A0A1V6N6L8|A0A1V6N6L8_PENPO/1-665	A0A1V6N6L8_PENPO	False	33.9	60169	Penicillium polonicum	0.001181008738319568
tr|A0A3M6WYP1|A0A3M6WYP1_HORWE/1-665	A0A3M6WYP1_HORWE	False	34.0	91943	Hortaea werneckii	0.0005792174501238721
tr|A0A1Z5TU80|A0A1Z5TU80_HORWE/1-665	A0A1Z5TU80_HORWE	False	34.0	1157616	Hortaea werneckii EXF-2000	0.0005792174501238721
tr|A2RB46|A2RB46_ASPNC/1-662	A2RB46_ASPNC	False	33.599999999999994	425011	Aspergillus niger CBS 513.88	0.0009667383290631679
tr|A0A5N7AS31|A0A5N7AS31_9EURO/1-665	A0A5N7AS31_9EURO	False	33.9	1226010	Aspergillus bertholletiae	0.0009667383290631679
tr|A0A1Z5TFN5|A0A1Z5TFN5_HORWE/1-665	A0A1Z5TFN5_HORWE	False	34.0	1157616	Hortaea werneckii EXF-2000	0.0005792174501238721
tr|A0A3D8R9B7|A0A3D8R9B7_9EURO/1-665	A0A3D8R9B7_9EURO	False	33.9	1810919	Aspergillus mulundensis	0.0009667383290631679
tr|A0A7C8MEZ2|A0A7C8MEZ2_9PLEO/1-665	A0A7C8MEZ2_9PLEO	False	34.0	100035	Massariosphaeria phaeospora	0.00028961420656757207
tr|A0A1L9UG76|A0A1L9UG76_ASPBC/1-662	A0A1L9UG76_ASPBC	False	33.599999999999994	767769	Aspergillus brasiliensis CBS 101740	0.0009667383290631679
tr|A0A3M7BEA0|A0A3M7BEA0_HORWE/1-665	A0A3M7BEA0_HORWE	False	34.0	91943	Hortaea werneckii	0.0005792174501238721
tr|B8LTH7|B8LTH7_TALSN/1-664	B8LTH7_TALSN	False	33.9	441959	Talaromyces stipitatus ATCC 10500	0.0008346902635673678
tr|A0A2J6S5S8|A0A2J6S5S8_9HELO/1-655	A0A2J6S5S8_9HELO	False	33.599999999999994	1149755	Hyaloscypha variabilis F	0.0002497227114343345
tr|A0A1V6R3E4|A0A1V6R3E4_9EURO/1-665	A0A1V6R3E4_9EURO	False	33.9	60172	Penicillium solitum	0.001181008738319568
tr|E4ZS94|E4ZS94_LEPMJ/1-665	E4ZS94_LEPMJ	False	34.0	985895	Plenodomus lingam JN3	0.00028961420656757207
tr|A0A395GID0|A0A395GID0_9EURO/1-665	A0A395GID0_9EURO	False	33.8	1448316	Aspergillus ibericus CBS 121593	0.0009667383290631679
tr|A0A1X7RVT7|A0A1X7RVT7_ZYMTR/1-664	A0A1X7RVT7_ZYMTR	False	33.9	1276538	Zymoseptoria tritici ST99CH_3D7	0.0009534689471297721
tr|F9XCV2|F9XCV2_ZYMTI/1-664	F9XCV2_ZYMTI	False	33.9	336722	Zymoseptoria tritici IPO323	0.0009534689471297721
tr|R7YPA1|R7YPA1_CONA1/1-665	R7YPA1_CONA1	False	34.0	1168221	Coniosporium apollinis CBS 100218	0.00028961420656757207
tr|A0A0F8U238|A0A0F8U238_9EURO/10-674	A0A0F8U238_9EURO	False	33.9	308745	Aspergillus rambellii	0.0009667383290631679
tr|A0A2J6PTI5|A0A2J6PTI5_9HELO/1-656	A0A2J6PTI5_9HELO	False	33.599999999999994	2082293	Hyaloscypha hepaticicola	0.0002497227114343345
tr|A0A178DM25|A0A178DM25_9PLEO/1-665	A0A178DM25_9PLEO	False	34.0	765867	Pyrenochaeta sp. DS3sAY3a	0.00028961420656757207
tr|A0A3D8SR04|A0A3D8SR04_9HELO/1-665	A0A3D8SR04_9HELO	False	33.9	1849047	Coleophoma cylindrospora	0.0002497227114343345
tr|A0A2J6T8G8|A0A2J6T8G8_9HELO/1-655	A0A2J6T8G8_9HELO	False	33.599999999999994	1095630	Hyaloscypha bicolor E	0.0002497227114343345
tr|A0A1L7WVX5|A0A1L7WVX5_9HELO/1-655	A0A1L7WVX5_9HELO	False	33.599999999999994	576137	Phialocephala subalpina	0.0002497227114343345
tr|A0A395HPP0|A0A395HPP0_ASPHC/1-665	A0A395HPP0_ASPHC	False	33.9	1450537	Aspergillus homomorphus CBS 101889	0.0009667383290631679
tr|A0A2T3AX85|A0A2T3AX85_AMORE/1-660	A0A2T3AX85_AMORE	False	33.599999999999994	857342	Amorphotheca resinae ATCC 22711	0.0002497227114343345
tr|A0A319CFQ0|A0A319CFQ0_9EURO/1-665	A0A319CFQ0_9EURO	False	33.9	1448315	Aspergillus uvarum CBS 121591	0.0009667383290631679
tr|K1Y422|K1Y422_MARBU/1-656	K1Y422_MARBU	False	33.599999999999994	1072389	Drepanopeziza brunnea f. sp. 'multigermtubi' MB_m1	0.0002497227114343345
tr|A0A0F4G7F6|A0A0F4G7F6_9PEZI/1-664	A0A0F4G7F6_9PEZI	False	33.9	1047168	Zymoseptoria brevis	0.0009534689471297721
tr|A0A5N6TJD5|A0A5N6TJD5_9EURO/1-664	A0A5N6TJD5_9EURO	False	33.9	36643	Aspergillus avenaceus	0.0009667383290631679
tr|A0A1E3BR69|A0A1E3BR69_ASPCR/1-664	A0A1E3BR69_ASPCR	False	33.9	573508	Aspergillus cristatus	0.0009667383290631679
tr|S3CPI0|S3CPI0_GLAL2/1-656	S3CPI0_GLAL2	False	33.599999999999994	1116229	Glarea lozoyensis ATCC 20868	0.0002497227114343345
tr|A0A1L9X343|A0A1L9X343_ASPA1/1-665	A0A1L9X343_ASPA1	False	33.9	690307	Aspergillus aculeatus ATCC 16872	0.0009667383290631679
tr|E3RDM4|E3RDM4_PYRTT/1-665	E3RDM4_PYRTT	False	34.0	861557	Pyrenophora teres f. teres 0-1	0.00028961420656757207
tr|A0A319EEE1|A0A319EEE1_ASPSB/1-665	A0A319EEE1_ASPSB	False	33.8	1448318	Aspergillus sclerotiicarbonarius CBS 121057	0.0009667383290631679
tr|A0A194XNF4|A0A194XNF4_MOLSC/1-655	A0A194XNF4_MOLSC	False	33.599999999999994	149040	Mollisia scopiformis	0.0002497227114343345
tr|A0A2V5HC18|A0A2V5HC18_ASPV1/1-665	A0A2V5HC18_ASPV1	False	33.9	1450538	Aspergillus violaceofuscus CBS 115571	0.0009667383290631679
tr|Q0UYY5|Q0UYY5_PHANO/1-665	Q0UYY5_PHANO	False	34.0	321614	Parastagonospora nodorum SN15	0.00028961420656757207
tr|A0A1R3RRE5|A0A1R3RRE5_ASPC5/1-662	A0A1R3RRE5_ASPC5	False	33.599999999999994	602072	Aspergillus carbonarius ITEM 5010	0.0009667383290631679
tr|A0A3E2GT83|A0A3E2GT83_SCYLI/1-655	A0A3E2GT83_SCYLI	False	33.599999999999994	5539	Scytalidium lignicola	0.0002497227114343345
tr|A0A1Q8RSU2|A0A1Q8RSU2_9PEZI/4-659	A0A1Q8RSU2_9PEZI	False	33.599999999999994	708187	Colletotrichum chlorophyti	0.0002497227114343345
tr|A0A318ZDC1|A0A318ZDC1_9EURO/1-665	A0A318ZDC1_9EURO	False	33.9	1450539	Aspergillus saccharolyticus JOP 1030-1	0.0009667383290631679
tr|A0A7D8UU31|A0A7D8UU31_9HELO/1-656	A0A7D8UU31_9HELO	False	33.599999999999994	1316786	Lachnellula cervina	0.0002497227114343345
AAV66468.1/1-652	AAV66468.1	True	33.599999999999994	5477	[Candida] boidinii	1.0767423877970004
tr|A0A2V1C0J1|A0A2V1C0J1_9HELO/1-655	A0A2V1C0J1_9HELO	False	33.599999999999994	1485229	Cadophora sp. DSE1049	0.0002497227114343345
tr|A0A317VU31|A0A317VU31_9EURO/1-662	A0A317VU31_9EURO	False	33.599999999999994	1450535	Aspergillus sclerotioniger CBS 115572	0.0009667383290631679
tr|A0A074XWT8|A0A074XWT8_AURPU/1-665	A0A074XWT8_AURPU	False	34.0	1043002	Aureobasidium pullulans EXF-150	0.00028961420656757207
tr|A0A2B7XYC7|A0A2B7XYC7_9EURO/1-664	A0A2B7XYC7_9EURO	False	33.9	1447875	Helicocarpus griseus UAMH5409	0.0004887094078415678
tr|A7E6B5|A7E6B5_SCLS1/1-657	A7E6B5_SCLS1	False	33.599999999999994	665079	Sclerotinia sclerotiorum 1980 UF-70	0.0002497227114343345
tr|A0A2B7Z2F3|A0A2B7Z2F3_9EURO/1-663	A0A2B7Z2F3_9EURO	False	33.8	1447883	Polytolypa hystricis UAMH7299	0.0004887094078415678
tr|A0A5M9JVZ9|A0A5M9JVZ9_MONFR/1-659	A0A5M9JVZ9_MONFR	False	33.599999999999994	38448	Monilinia fructicola	0.0002497227114343345
tr|M7UID6|M7UID6_BOTF1/1-655	M7UID6_BOTF1	False	33.599999999999994	1290391	Botrytis cinerea BcDW1	0.0002497227114343345
tr|A0A4U0TJT0|A0A4U0TJT0_9PEZI/1-665	A0A4U0TJT0_9PEZI	False	34.0	706561	Salinomyces thailandica	0.0005792174501238721
tr|A0A6A6Y0P5|A0A6A6Y0P5_9PEZI/1-666	A0A6A6Y0P5_9PEZI	False	34.0	574789	Mytilinidion resinicola	0.00028961420656757207
tr|A0A2I2F6L9|A0A2I2F6L9_ASPCN/1-667	A0A2I2F6L9_ASPCN	False	33.9	41067	Aspergillus candidus	0.0009667383290631679
tr|M2YUV9|M2YUV9_PSEFD/1-663	M2YUV9_PSEFD	False	33.8	383855	Pseudocercospora fijiensis CIRAD86	0.0009534689471297721
tr|A0A517L855|A0A517L855_9PEZI/1-665	A0A517L855_9PEZI	False	34.0	50376	Venturia effusa	0.00028961420656757207
tr|A0A017SR18|A0A017SR18_ASPRC/1-664	A0A017SR18_ASPRC	False	33.9	1388766	Aspergillus ruber CBS 135680	0.0009667383290631679
tr|A0A4Z1L148|A0A4Z1L148_9HELO/1-655	A0A4Z1L148_9HELO	False	33.599999999999994	87229	Botrytis porri	0.0002497227114343345
tr|A0A4Z1KC62|A0A4Z1KC62_9HELO/1-657	A0A4Z1KC62_9HELO	False	33.599999999999994	278938	Botrytis elliptica	0.0002497227114343345
tr|A0A1L9SKB6|A0A1L9SKB6_9EURO/1-671	A0A1L9SKB6_9EURO	False	33.9	1073090	Penicilliopsis zonata CBS 506.65	0.0009667383290631679
tr|A0A1J9PEQ4|A0A1J9PEQ4_9EURO/1-664	A0A1J9PEQ4_9EURO	False	33.9	1447872	Emergomyces pasteurianus Ep9510	0.0004887094078415678
tr|A0A1L9W0D4|A0A1L9W0D4_ASPGL/1-664	A0A1L9W0D4_ASPGL	False	33.9	1160497	Aspergillus glaucus CBS 516.65	0.0009667383290631679
tr|A0A370TVS3|A0A370TVS3_9HELO/1-658	A0A370TVS3_9HELO	False	33.599999999999994	2656787	Venustampulla echinocandica	0.0002497227114343345
tr|A0A7H8QPQ1|A0A7H8QPQ1_9EURO/1-664	A0A7H8QPQ1_9EURO	False	33.9	121627	Talaromyces rugulosus	0.0008346902635673678
tr|A0A074WF13|A0A074WF13_9PEZI/1-665	A0A074WF13_9PEZI	False	34.0	1043004	Aureobasidium namibiae CBS 147.97	0.00028961420656757207
tr|A0A150V9F0|A0A150V9F0_9PEZI/1-666	A0A150V9F0_9PEZI	False	34.0	766039	Acidomyces richmondensis BFW	0.0005792174501238721
tr|A0A1V6UEN6|A0A1V6UEN6_9EURO/1-684	A0A1V6UEN6_9EURO	False	33.9	36646	Penicillium coprophilum	0.001181008738319568
tr|A0A5N5KQM7|A0A5N5KQM7_9PEZI/1-656	A0A5N5KQM7_9PEZI	False	33.599999999999994	1571157	Coniochaeta sp. 2T2.1	0.0002497227114343345
tr|L2FC28|L2FC28_COLFN/4-662	L2FC28_COLFN	False	33.599999999999994	1213859	Colletotrichum fructicola Nara gc5	0.0002497227114343345
tr|T0KZZ1|T0KZZ1_COLGC/4-662	T0KZZ1_COLGC	False	33.599999999999994	1237896	Colletotrichum gloeosporioides Cg-14	0.0002497227114343345
tr|A0A2S6C2B0|A0A2S6C2B0_9PEZI/1-665	A0A2S6C2B0_9PEZI	False	33.9	357750	Cercospora berteroae	0.0009534689471297721
tr|A0A163E1X7|A0A163E1X7_DIDRA/1-667	A0A163E1X7_DIDRA	False	34.0	5454	Ascochyta rabiei	0.00028961420656757207
tr|A0A1J7JQ54|A0A1J7JQ54_9PEZI/1-656	A0A1J7JQ54_9PEZI	False	33.599999999999994	1408157	Coniochaeta ligniaria NRRL 30616	0.0002497227114343345
tr|A0A2K1QGL6|A0A2K1QGL6_9PEZI/1-665	A0A2K1QGL6_9PEZI	False	34.0	2082308	Sphaceloma murrayae	0.00028961420656757207
tr|A0A5N5JXS7|A0A5N5JXS7_9PEZI/1-656	A0A5N5JXS7_9PEZI	False	33.599999999999994	1571157	Coniochaeta sp. 2T2.1	0.0002497227114343345
tr|G2XS59|G2XS59_BOTF4/1-657	G2XS59_BOTF4	False	33.599999999999994	999810	Botrytis cinerea T4	0.0002497227114343345
tr|A0A1E1KHE7|A0A1E1KHE7_9HELO/1-655	A0A1E1KHE7_9HELO	False	33.599999999999994	914237	Rhynchosporium commune	0.0002497227114343345
tr|A0A010RMG6|A0A010RMG6_9PEZI/4-659	A0A010RMG6_9PEZI	False	33.599999999999994	1445577	Colletotrichum fioriniae PJ7	0.0002497227114343345
tr|A0A4R8R015|A0A4R8R015_COLTR/4-659	A0A4R8R015_COLTR	False	33.599999999999994	5466	Colletotrichum trifolii	0.0002497227114343345
tr|A0A5N5D932|A0A5N5D932_9PEZI/1-666	A0A5N5D932_9PEZI	False	34.0	45133	Lasiodiplodia theobromae	0.00028961420656757207
tr|R1EEN8|R1EEN8_BOTPV/1-666	R1EEN8_BOTPV	False	34.0	1287680	Neofusicoccum parvum UCRNP2	0.00028961420656757207
tr|A0A1W2TQY8|A0A1W2TQY8_ROSNE/4-657	A0A1W2TQY8_ROSNE	False	33.599999999999994	77044	Rosellinia necatrix	0.0002497227114343345
tr|A0A1G4BGG5|A0A1G4BGG5_9PEZI/4-659	A0A1G4BGG5_9PEZI	False	33.599999999999994	1209926	Colletotrichum orchidophilum	0.0002497227114343345
tr|A0A428PAC1|A0A428PAC1_9HYPO/11-665	A0A428PAC1_9HYPO	False	33.599999999999994	1325734	Fusarium duplospermum	0.0002497227114343345
tr|W9CNQ9|W9CNQ9_SCLBF/1-657	W9CNQ9_SCLBF	False	33.599999999999994	1432307	Sclerotinia borealis F-4128	0.0002497227114343345
tr|A0A420Y6G0|A0A420Y6G0_9PEZI/1-656	A0A420Y6G0_9PEZI	False	33.599999999999994	177199	Coniochaeta pulveracea	0.0002497227114343345
tr|A0A162MZU6|A0A162MZU6_9PEZI/4-659	A0A162MZU6_9PEZI	False	33.599999999999994	1573173	Colletotrichum incanum	0.0002497227114343345
tr|N4VAA4|N4VAA4_COLOR/4-659	N4VAA4_COLOR	False	33.599999999999994	1213857	Colletotrichum orbiculare MAFF 240422	0.0002497227114343345
tr|A0A0G2EW25|A0A0G2EW25_9PEZI/1-666	A0A0G2EW25_9PEZI	False	34.0	420778	Diplodia seriata	0.00028961420656757207
tr|A0A1Y2EKH6|A0A1Y2EKH6_9PEZI/4-657	A0A1Y2EKH6_9PEZI	False	33.599999999999994	1141098	Pseudomassariella vexata	0.0002497227114343345
tr|C7ZD82|C7ZD82_FUSV7/11-665	C7ZD82_FUSV7	False	33.599999999999994	660122	Fusarium vanettenii 77-13-4	0.0002497227114343345
tr|A0A4Y8D203|A0A4Y8D203_9HELO/1-657	A0A4Y8D203_9HELO	False	33.599999999999994	38488	Botryotinia calthae	0.0002497227114343345
tr|A0A3M2SL30|A0A3M2SL30_9HYPO/11-665	A0A3M2SL30_9HYPO	False	33.599999999999994	2010991	Fusarium kuroshium	0.0002497227114343345
tr|A0A428NE95|A0A428NE95_9HYPO/11-665	A0A428NE95_9HYPO	False	33.599999999999994	1325737	Fusarium sp. AF-6	0.0002497227114343345
tr|A0A7C8IM37|A0A7C8IM37_9PEZI/4-657	A0A7C8IM37_9PEZI	False	33.599999999999994	323545	Xylaria multiplex	0.0002497227114343345
tr|A0A1Y2UY51|A0A1Y2UY51_9PEZI/4-657	A0A1Y2UY51_9PEZI	False	33.599999999999994	1001938	Hypoxylon sp. CO27-5	0.0002497227114343345
tr|A0A428UCX7|A0A428UCX7_9HYPO/11-665	A0A428UCX7_9HYPO	False	33.599999999999994	1325735		
tr|A0A166RI72|A0A166RI72_9PEZI/9-664	A0A166RI72_9PEZI	False	33.599999999999994	708197	Colletotrichum tofieldiae	0.0002497227114343345
tr|A0A1J9QW67|A0A1J9QW67_9PEZI/1-666	A0A1J9QW67_9PEZI	False	34.0	236234	Diplodia corticola	0.00028961420656757207
tr|A0A072PRU7|A0A072PRU7_9EURO/1-659	A0A072PRU7_9EURO	False	33.599999999999994	1182545	Exophiala aquamarina CBS 119918	0.0004887094078415678
tr|R8BGK6|R8BGK6_PHAM7/16-670	R8BGK6_PHAM7	False	33.599999999999994	1286976	Phaeoacremonium minimum UCRPA7	0.0002497227114343345
tr|A0A4T0WKD8|A0A4T0WKD8_9PEZI/4-659	A0A4T0WKD8_9PEZI	False	33.599999999999994	80884	Colletotrichum higginsianum	0.0002497227114343345
tr|H6BU34|H6BU34_EXODN/1-665	H6BU34_EXODN	False	33.9	858893	Exophiala dermatitidis NIH/UT8656	0.0004887094078415678
tr|G7XST8|G7XST8_ASPKW/1-655	G7XST8_ASPKW	False	28.599999999999994	1033177	Aspergillus luchuensis IFO 4308	0.0009667383290631679
tr|A0A0D1ZSC5|A0A0D1ZSC5_EXOME/1-658	A0A0D1ZSC5_EXOME	False	33.599999999999994	212818	Exophiala mesophila	0.0004887094078415678
tr|W9YRP8|W9YRP8_9EURO/1-665	W9YRP8_9EURO	False	33.9	1182542	Capronia epimyces CBS 606.96	0.0004887094078415678
tr|W9X977|W9X977_9EURO/1-666	W9X977_9EURO	False	33.9	1182543	Cladophialophora psammophila CBS 110553	0.0004887094078415678
tr|A0A0D2L0R8|A0A0D2L0R8_9EURO/1-666	A0A0D2L0R8_9EURO	False	33.9	1442371	Fonsecaea multimorphosa CBS 102226	0.0004887094078415678
tr|A0A100INF1|A0A100INF1_ASPNG/1-655	A0A100INF1_ASPNG	False	28.599999999999994	5061	Aspergillus niger	0.0009667383290631679
tr|A0A395SP46|A0A395SP46_FUSSP/13-671	A0A395SP46_FUSSP	False	33.599999999999994	5514	Fusarium sporotrichioides	0.0002497227114343345
tr|A0A2P7ZE34|A0A2P7ZE34_9PEZI/1-665	A0A2P7ZE34_9PEZI	False	34.0	40998	Elsinoe australis	0.00028961420656757207
tr|A0A1Y2WV54|A0A1Y2WV54_9PEZI/4-657	A0A1Y2WV54_9PEZI	False	33.599999999999994	1001832	Daldinia sp. EC12	0.0002497227114343345
tr|A0A139GXZ0|A0A139GXZ0_9PEZI/1-659	A0A139GXZ0_9PEZI	False	33.8	113226	Pseudocercospora musae	0.0009534689471297721
tr|A0A066X5A7|A0A066X5A7_COLSU/4-659	A0A066X5A7_COLSU	False	33.599999999999994	1173701	Colletotrichum sublineola	0.0002497227114343345
tr|A0A1B8AE72|A0A1B8AE72_FUSPO/13-669	A0A1B8AE72_FUSPO	False	33.599999999999994	36050	Fusarium poae	0.0002497227114343345
tr|A0A1V1TC36|A0A1V1TC36_9PEZI/4-657	A0A1V1TC36_9PEZI	False	33.599999999999994	1813822	Xylariales sp. No.14919	0.0002497227114343345
tr|E3QV85|E3QV85_COLGM/4-659	E3QV85_COLGM	False	33.599999999999994	645133	Colletotrichum graminicola M1.001	0.0002497227114343345
tr|A0A178ZH86|A0A178ZH86_9EURO/1-666	A0A178ZH86_9EURO	False	33.9	1367422	Fonsecaea erecta	0.0004887094078415678
tr|A0A395N0T1|A0A395N0T1_9HYPO/13-669	A0A395N0T1_9HYPO	False	33.599999999999994	2675880	Fusarium flagelliforme	0.0002497227114343345
tr|A0A1Y2VR85|A0A1Y2VR85_9PEZI/4-657	A0A1Y2VR85_9PEZI	False	33.599999999999994	1001833	Hypoxylon sp. CI-4A	0.0002497227114343345
tr|G0RRS1|G0RRS1_HYPJQ/12-665	G0RRS1_HYPJQ	False	33.599999999999994	431241	Trichoderma reesei QM6a	0.0002497227114343345
tr|A0A074YNW2|A0A074YNW2_AURSE/1-674	A0A074YNW2_AURSE	False	34.0	1043005	Aureobasidium subglaciale EXF-2481	0.00028961420656757207
tr|A0A4Z0YFK3|A0A4Z0YFK3_9PEZI/4-657	A0A4Z0YFK3_9PEZI	False	33.599999999999994	37992	Xylaria hypoxylon	0.0002497227114343345
tr|A0A4U6X6L6|A0A4U6X6L6_9PEZI/4-659	A0A4U6X6L6_9PEZI	False	33.599999999999994	1306861	Colletotrichum tanaceti	0.0002497227114343345
tr|W7N4L9|W7N4L9_GIBM7/14-667	W7N4L9_GIBM7	False	33.599999999999994	334819	Fusarium verticillioides 7600	0.0002497227114343345
tr|W3XJD9|W3XJD9_PESFW/4-657	W3XJD9_PESFW	False	33.599999999999994	1229662	Pestalotiopsis fici W106-1	0.0002497227114343345
tr|A0A2I0RJV3|A0A2I0RJV3_9PEZI/1-665	A0A2I0RJV3_9PEZI	False	33.9	348901	Cercospora zeina	0.0009534689471297721
tr|A0A2T4BTG5|A0A2T4BTG5_TRILO/12-665	A0A2T4BTG5_TRILO	False	33.599999999999994	983965	Trichoderma longibrachiatum ATCC 18648	0.0002497227114343345
tr|A0A2K0WVU4|A0A2K0WVU4_GIBNY/14-667	A0A2K0WVU4_GIBNY	False	33.599999999999994	42673	Fusarium nygamai	0.0002497227114343345
tr|A0A0D2EK50|A0A0D2EK50_9EURO/1-666	A0A0D2EK50_9EURO	False	33.9	1442368	Fonsecaea pedrosoi CBS 271.37	0.0004887094078415678
tr|A0A084GCK7|A0A084GCK7_PSEDA/12-665	A0A084GCK7_PSEDA	False	33.599999999999994	563466	Scedosporium apiospermum	0.0002497227114343345
tr|A0A507B7L9|A0A507B7L9_9PEZI/1-656	A0A507B7L9_9PEZI	False	33.599999999999994	1093900	Thyridium curvatum	0.0002497227114343345
tr|A0A175W4Q6|A0A175W4Q6_9PEZI/4-658	A0A175W4Q6_9PEZI	False	33.599999999999994	100816	Madurella mycetomatis	0.0002497227114343345
tr|S0DVK4|S0DVK4_GIBF5/14-669	S0DVK4_GIBF5	False	33.599999999999994	1279085	Fusarium fujikuroi IMI 58289	0.0002497227114343345
tr|A0A0D2YGJ6|A0A0D2YGJ6_FUSOF/14-669	A0A0D2YGJ6_FUSOF	False	33.599999999999994	426428	Fusarium oxysporum f. sp. lycopersici 4287	0.0002497227114343345
tr|A0A2H3H306|A0A2H3H306_FUSOX/14-669	A0A2H3H306_FUSOX	False	33.599999999999994	327505	Fusarium oxysporum f. sp. radicis-cucumerinum	0.0002497227114343345
tr|N1S467|N1S467_FUSC4/14-669	N1S467_FUSC4	False	33.599999999999994	2502994	Fusarium odoratissimum	0.0002497227114343345
tr|N4TXI0|N4TXI0_FUSC1/14-669	N4TXI0_FUSC1	False	33.599999999999994	1229664	Fusarium oxysporum f. sp. cubense race 1	0.0002497227114343345
tr|W9J4H7|W9J4H7_FUSOX/14-669	W9J4H7_FUSOX	False	33.599999999999994	660029	Fusarium oxysporum NRRL 32931	0.0002497227114343345
tr|X0CZJ3|X0CZJ3_FUSOX/14-669	X0CZJ3_FUSOX	False	33.599999999999994	1089458	Fusarium oxysporum f. sp. raphani 54005	0.0002497227114343345
tr|A0A2S7QS87|A0A2S7QS87_9HELO/1-620	A0A2S7QS87_9HELO	False	33.599999999999994	2070412	Rutstroemia sp. NJR-2017a WRK4	0.0002497227114343345
tr|A0A2S7QS87|A0A2S7QS87_9HELO/643-678	A0A2S7QS87_9HELO	False	-0.4	2070412	Rutstroemia sp. NJR-2017a WRK4	0.0002497227114343345
tr|A0A4Q4VBJ1|A0A4Q4VBJ1_9PEZI/1-656	A0A4Q4VBJ1_9PEZI	False	33.599999999999994	2211646	Monosporascus sp. MC13-8B	0.0002497227114343345
tr|M3CF66|M3CF66_SPHMS/1-666	M3CF66_SPHMS	False	33.9	692275	Sphaerulina musiva SO2202	0.0009534689471297721
tr|A0A0E0SDM0|A0A0E0SDM0_GIBZE/13-667	A0A0E0SDM0_GIBZE	False	33.599999999999994	229533	Fusarium graminearum PH-1	0.0002497227114343345
tr|A0A2T4H210|A0A2T4H210_FUSCU/13-667	A0A2T4H210_FUSCU	False	33.599999999999994	5516	Fusarium culmorum	0.0002497227114343345
tr|A0A0D2CY69|A0A0D2CY69_9EURO/1-666	A0A0D2CY69_9EURO	False	33.9	569365	Cladophialophora immunda	0.0004887094078415678
tr|A0A135V8D0|A0A135V8D0_9PEZI/4-669	A0A135V8D0_9PEZI	False	33.599999999999994	1209931	Colletotrichum salicis	0.0002497227114343345
tr|A0A0D2BJ30|A0A0D2BJ30_9EURO/1-666	A0A0D2BJ30_9EURO	False	33.9	91928	Exophiala spinifera	0.0004887094078415678
tr|F9F678|F9F678_FUSOF/14-669	F9F678_FUSOF	False	33.599999999999994	660025	Fusarium oxysporum f. sp. conglutinans Fo5176	0.0002497227114343345
tr|G9N8S0|G9N8S0_HYPVG/12-665	G9N8S0_HYPVG	False	33.599999999999994	413071	Trichoderma virens Gv29-8	0.0002497227114343345
tr|A0A194UX87|A0A194UX87_9PEZI/13-665	A0A194UX87_9PEZI	False	33.599999999999994	694573	Valsa mali var. pyri (nom. inval.)	0.0002497227114343345
tr|A0A4Q4UNX4|A0A4Q4UNX4_9PEZI/1-656	A0A4Q4UNX4_9PEZI	False	33.599999999999994	2211647	Monosporascus sp. GIB2	0.0002497227114343345
tr|F0X7T2|F0X7T2_GROCL/1-656	F0X7T2_GROCL	False	33.599999999999994	655863	Grosmannia clavigera kw1407	0.0002497227114343345
tr|A0A0C4E9L8|A0A0C4E9L8_MAGP6/12-666	A0A0C4E9L8_MAGP6	False	33.599999999999994	644358	Magnaporthiopsis poae ATCC 64411	0.0002497227114343345
tr|A0A2S7P6M0|A0A2S7P6M0_9HELO/1-675	A0A2S7P6M0_9HELO	False	33.599999999999994	2070413	Rutstroemia sp. NJR-2017a BVV2	0.0002497227114343345
tr|A0A0D2DMY6|A0A0D2DMY6_9EURO/1-666	A0A0D2DMY6_9EURO	False	33.9	215243	Exophiala oligosperma	0.0004887094078415678
tr|A0A2P4ZJM8|A0A2P4ZJM8_9HYPO/12-664	A0A2P4ZJM8_9HYPO	False	33.599999999999994	398673	Trichoderma gamsii	0.0002497227114343345
tr|A0A559MAH0|A0A559MAH0_9HELO/1-649	A0A559MAH0_9HELO	False	33.599999999999994	215461	Lachnellula willkommii	0.0002497227114343345
tr|A0A0D2CX58|A0A0D2CX58_9EURO/1-666	A0A0D2CX58_9EURO	False	33.9	5601	Phialophora americana	0.0004887094078415678
tr|A0A0D2JCG4|A0A0D2JCG4_9EURO/1-665	A0A0D2JCG4_9EURO	False	33.9	1442369	Rhinocladiella mackenziei CBS 650.93	0.0004887094078415678
tr|W9W4X4|W9W4X4_9EURO/1-666	W9W4X4_9EURO	False	33.9	1182544	Cladophialophora yegresii CBS 114405	0.0004887094078415678
tr|A0A2T3ZV55|A0A2T3ZV55_TRIHA/12-665	A0A2T3ZV55_TRIHA	False	33.599999999999994	983964	Trichoderma harzianum CBS 226.95	0.0002497227114343345
tr|A0A136J8S2|A0A136J8S2_9PEZI/4-657	A0A136J8S2_9PEZI	False	33.599999999999994	196109	Microdochium bolleyi	0.0002497227114343345
tr|G9NP24|G9NP24_HYPAI/12-664	G9NP24_HYPAI	False	33.599999999999994	452589	Trichoderma atroviride IMI 206040	0.0002497227114343345
tr|A0A2N3N139|A0A2N3N139_9PEZI/12-665	A0A2N3N139_9PEZI	False	33.599999999999994	41688	Lomentospora prolificans	0.0002497227114343345
tr|A0A0G2G1B8|A0A0G2G1B8_9PEZI/12-667	A0A0G2G1B8_9PEZI	False	33.599999999999994	1214573	Diaporthe ampelina	0.0002497227114343345
tr|A0A0F9XM87|A0A0F9XM87_TRIHA/12-665	A0A0F9XM87_TRIHA	False	33.599999999999994	5544	Trichoderma harzianum	0.0002497227114343345
tr|A0A4Q4VQ69|A0A4Q4VQ69_9PEZI/1-656	A0A4Q4VQ69_9PEZI	False	33.599999999999994	2211645	Monosporascus sp. MG133	0.0002497227114343345
tr|A0A395N9G7|A0A395N9G7_TRIAR/12-665	A0A395N9G7_TRIAR	False	33.599999999999994	490622	Trichoderma arundinaceum	0.0002497227114343345
tr|A0A2P5HRC7|A0A2P5HRC7_9PEZI/12-665	A0A2P5HRC7_9PEZI	False	33.599999999999994	158607	Diaporthe helianthi	0.0002497227114343345
tr|A0A423XHQ7|A0A423XHQ7_9PEZI/12-665	A0A423XHQ7_9PEZI	False	33.599999999999994	1230097	Cytospora leucostoma	0.0002497227114343345
tr|A0A2T3YX01|A0A2T3YX01_9HYPO/12-665	A0A2T3YX01_9HYPO	False	33.599999999999994	1042311	Trichoderma asperellum CBS 433.97	0.0002497227114343345
tr|A0A423WGA7|A0A423WGA7_9PEZI/13-665	A0A423WGA7_9PEZI	False	33.599999999999994	356882	Valsa malicola	0.0002497227114343345
tr|G2R1V2|G2R1V2_THETT/4-659	G2R1V2_THETT	False	33.599999999999994	578455	Thermothielavioides terrestris NRRL 8126	0.0002497227114343345
tr|A0A6P8BIP6|A0A6P8BIP6_MAGGR/20-678	A0A6P8BIP6_MAGGR	False	33.599999999999994	148305	Pyricularia grisea	0.0002497227114343345
tr|A0A395IKF8|A0A395IKF8_9HELO/1-656	A0A395IKF8_9HELO	False	33.599999999999994	38457	Monilinia fructigena	0.0002497227114343345
tr|A0A2T3AAA4|A0A2T3AAA4_9PEZI/12-665	A0A2T3AAA4_9PEZI	False	33.599999999999994	2025994	Coniella lustricola	0.0002497227114343345
tr|W9Y7V1|W9Y7V1_9EURO/1-665	W9Y7V1_9EURO	False	33.9	1182541	Capronia coronata CBS 617.96	0.0004887094078415678
tr|A0A0D2F3N4|A0A0D2F3N4_9EURO/1-666	A0A0D2F3N4_9EURO	False	33.9	348802	Exophiala xenobiotica	0.0004887094078415678
tr|A0A162IAZ2|A0A162IAZ2_9PEZI/1-659	A0A162IAZ2_9PEZI	False	33.599999999999994	1081102	Niveomyces insectorum RCEF 264	0.0002497227114343345
tr|J3PH24|J3PH24_GAET3/12-667	J3PH24_GAET3	False	33.599999999999994	644352	Gaeumannomyces tritici R3-111a-1	0.0002497227114343345
tr|H0ELG6|H0ELG6_GLAL7/1-632	H0ELG6_GLAL7	False	33.599999999999994	1104152	Glarea lozoyensis 74030	0.0002497227114343345
tr|A0A0N0NJ30|A0A0N0NJ30_9EURO/1-664	A0A0N0NJ30_9EURO	False	33.699999999999996	1664694	Phialophora attinorum	0.0004887094078415678
tr|G4N5G7|G4N5G7_MAGO7/20-685	G4N5G7_MAGO7	False	33.8	242507	Pyricularia oryzae 70-15	0.0002497227114343345
tr|Q2H3S5|Q2H3S5_CHAGB/4-658	Q2H3S5_CHAGB	False	33.599999999999994	306901	Chaetomium globosum CBS 148.51	0.0002497227114343345
tr|A0A395TAD6|A0A395TAD6_9HYPO/13-669	A0A395TAD6_9HYPO	False	33.599999999999994	694270	Fusarium longipes	0.0002497227114343345
tr|A0A2L2SPC1|A0A2L2SPC1_9HYPO/13-666	A0A2L2SPC1_9HYPO	False	33.599999999999994	56646	Fusarium venenatum	0.0002497227114343345
tr|G4U5F6|G4U5F6_NEUT9/4-657	G4U5F6_NEUT9	False	33.599999999999994	510952	Neurospora tetrasperma FGSC 2509	0.0002497227114343345
tr|A0A439D947|A0A439D947_9PEZI/4-655	A0A439D947_9PEZI	False	33.599999999999994	363999	Xylaria grammica	0.0002497227114343345
tr|Q2UNA0|Q2UNA0_ASPOR/1-700	Q2UNA0_ASPOR	False	33.9	510516	Aspergillus oryzae RIB40	0.0009667383290631679
tr|W2S189|W2S189_9EURO/1-673	W2S189_9EURO	False	33.9	1220924	Cyphellophora europaea CBS 101466	0.0004887094078415678
tr|S3D7K6|S3D7K6_OPHP1/1-656	S3D7K6_OPHP1	False	33.599999999999994	1262450	Ophiostoma piceae UAMH 11346	0.0002497227114343345
tr|A0A4Q4YUR7|A0A4Q4YUR7_9PEZI/1-648	A0A4Q4YUR7_9PEZI	False	33.599999999999994	2211644	Monosporascus sp. CRB-8-3	0.0002497227114343345
tr|A0A1C1C6C4|A0A1C1C6C4_9EURO/1-684	A0A1C1C6C4_9EURO	False	33.9	86049	Cladophialophora carrionii	0.0004887094078415678
tr|A0A0G4KKU1|A0A0G4KKU1_9PEZI/4-654	A0A0G4KKU1_9PEZI	False	33.599999999999994	100787	Verticillium longisporum	0.0002497227114343345
tr|A0A074W4F7|A0A074W4F7_9PEZI/1-652	A0A074W4F7_9PEZI	False	34.0	1043003	Aureobasidium melanogenum CBS 110374	0.00028961420656757207
tr|A0A3M9Y5X2|A0A3M9Y5X2_9PEZI/4-654	A0A3M9Y5X2_9PEZI	False	33.599999999999994	1051616	Verticillium nonalfalfae	0.0002497227114343345
tr|A0A4V1XNJ5|A0A4V1XNJ5_9PEZI/1-648	A0A4V1XNJ5_9PEZI	False	33.599999999999994	1081914	Monosporascus sp. mg162	0.0002497227114343345
tr|A0A4Q4TAX8|A0A4Q4TAX8_9PEZI/1-648	A0A4Q4TAX8_9PEZI	False	33.599999999999994	155417	Monosporascus ibericus	0.0002497227114343345
tr|A0A364L1U6|A0A364L1U6_9EURO/1-656	A0A364L1U6_9EURO	False	26.599999999999994	1196081	Talaromyces amestolkiae	0.0008346902635673678
tr|A0A4Q4YSZ1|A0A4Q4YSZ1_9PEZI/1-648	A0A4Q4YSZ1_9PEZI	False	33.599999999999994	2211642	Monosporascus sp. 5C6A	0.0002497227114343345
tr|A0A090CAV9|A0A090CAV9_PODAN/4-661	A0A090CAV9_PODAN	False	33.599999999999994	515849	Podospora anserina S mat+	0.0002497227114343345
tr|A0A0G4KWT3|A0A0G4KWT3_9PEZI/4-653	A0A0G4KWT3_9PEZI	False	33.599999999999994	100787	Verticillium longisporum	0.0002497227114343345
tr|A0A0F4Z346|A0A0F4Z346_TALEM/1-662	A0A0F4Z346_TALEM	False	27.0	1408163	Rasamsonia emersonii CBS 393.64	0.0008346902635673678
tr|A0A1F5LMR7|A0A1F5LMR7_9EURO/1-643	A0A1F5LMR7_9EURO	False	28.699999999999996	1835702	Penicillium arizonense	0.001181008738319568
tr|A0A423W9P7|A0A423W9P7_9PEZI/13-678	A0A423W9P7_9PEZI	False	33.599999999999994	252740	Valsa sordida	0.0002497227114343345
tr|A0A5Q4BJR1|A0A5Q4BJR1_9PEZI/4-623	A0A5Q4BJR1_9PEZI	False	33.599999999999994	2078593	Colletotrichum shisoi	0.0002497227114343345
tr|A0A5N6KBE6|A0A5N6KBE6_MONLA/1-643	A0A5N6KBE6_MONLA	False	33.599999999999994	61186	Monilinia laxa	0.0002497227114343345
tr|Q7SD15|Q7SD15_NEUCR/12-643	Q7SD15_NEUCR	False	18.599999999999994	367110	Neurospora crassa OR74A	0.0002497227114343345
tr|A0A218ZHE2|A0A218ZHE2_9HELO/1-655	A0A218ZHE2_9HELO	False	33.599999999999994	503106	Marssonina coronariae	0.0002497227114343345
tr|W6Q7N2|W6Q7N2_PENRF/1-655	W6Q7N2_PENRF	False	33.599999999999994	1365484	Penicillium roqueforti FM164	0.001181008738319568
tr|G2XHT3|G2XHT3_VERDV/4-640	G2XHT3_VERDV	False	33.599999999999994	498257	Verticillium dahliae VdLs.17	0.0002497227114343345
tr|G2QME6|G2QME6_THET4/4-651	G2QME6_THET4	False	33.599999999999994	573729	Thermothelomyces thermophilus ATCC 42464	0.0002497227114343345
CDG66232.1/1-643	CDG66232.1	True	33.599999999999994	2822231	Phanerodontia chrysosporium	2.2570143111130916
tr|C9SS38|C9SS38_VERA1/4-638	C9SS38_VERA1	False	33.599999999999994	526221	Verticillium alfalfae VaMs.102	0.0002497227114343345
tr|A0A553HPK9|A0A553HPK9_9PEZI/23-647	A0A553HPK9_9PEZI	False	33.599999999999994	2512241	Xylaria flabelliformis	0.0002497227114343345
tr|A0A507R6F8|A0A507R6F8_MONPU/1-606	A0A507R6F8_MONPU	False	18.9	5098	Monascus purpureus	0.0009667383290631679
tr|A0A0C3NHS8|A0A0C3NHS8_PHLG1/1-645	A0A0C3NHS8_PHLG1	False	33.599999999999994	745531	Phlebiopsis gigantea 11061_1 CR5-6	0.007014311113091804
tr|V2WB91|V2WB91_MONRO/1-642	V2WB91_MONRO	False	33.599999999999994	1381753	Moniliophthora roreri MCA 2997	0.00021906786558250385
tr|K5WGG5|K5WGG5_PHACS/1-651	K5WGG5_PHACS	False	33.9	650164	Phanerochaete carnosa HHB-10118-sp	0.007014311113091804
tr|A0A2H3BQD5|A0A2H3BQD5_9AGAR/1-651	A0A2H3BQD5_9AGAR	False	34.0	1076256	Armillaria solidipes	0.00021906786558250385
XP_007868339.1/1-641	XP_007868339.1	True	33.599999999999994	670483	Gloeophyllum trabeum ATCC 11539	0.00021906786558250385
tr|S7RFS3|S7RFS3_GLOTA/1-641	S7RFS3_GLOTA	False	33.599999999999994	670483	Gloeophyllum trabeum ATCC 11539	0.00021906786558250385
tr|A0A2H3ETP7|A0A2H3ETP7_ARMGA/1-650	A0A2H3ETP7_ARMGA	False	33.9	47427	Armillaria gallica	0.00021906786558250385
tr|A0A0D0CSB1|A0A0D0CSB1_9AGAR/1-639	A0A0D0CSB1_9AGAR	False	33.599999999999994	944289	Collybiopsis luxurians FD-317 M1	0.00021906786558250385
tr|A0A5C3KN19|A0A5C3KN19_COPMA/1-642	A0A5C3KN19_COPMA	False	33.599999999999994	230819	Coprinopsis marcescibilis	0.00021906786558250385
tr|A0A060SVX6|A0A060SVX6_PYCCI/1-644	A0A060SVX6_PYCCI	False	33.599999999999994	5643	Trametes cinnabarina	0.0008159640056539039
tr|A0A4R0RDJ8|A0A4R0RDJ8_9APHY/1-644	A0A4R0RDJ8_9APHY	False	33.599999999999994	92696	Steccherinum ochraceum	0.0008159640056539039
tr|A0A1Y2IML5|A0A1Y2IML5_PYCCO/1-645	A0A1Y2IML5_PYCCO	False	33.599999999999994	1353009	Trametes coccinea BRFM310	0.0008159640056539039
tr|A0A5C3N508|A0A5C3N508_9AGAM/1-650	A0A5C3N508_9AGAM	False	33.9	5364	Heliocybe sulcata	0.00021906786558250385
tr|A0A4Q9PTL3|A0A4Q9PTL3_9APHY/1-643	A0A4Q9PTL3_9APHY	False	33.599999999999994	114155	Dichomitus squalens	0.0008159640056539039
tr|R7SWA7|R7SWA7_DICSQ/1-643	R7SWA7_DICSQ	False	33.599999999999994	732165	Dichomitus squalens LYAD-421 SS1	0.0008159640056539039
tr|D8PVH1|D8PVH1_SCHCM/1-639	D8PVH1_SCHCM	False	33.599999999999994	578458	Schizophyllum commune H4-8	0.00021906786558250385
tr|M2PWC9|M2PWC9_CERS8/1-642	M2PWC9_CERS8	False	33.599999999999994	914234	Gelatoporia subvermispora B	0.0008159640056539039
tr|A0A550CU55|A0A550CU55_9AGAR/1-639	A0A550CU55_9AGAR	False	33.599999999999994	97359	Auriculariopsis ampla	0.00021906786558250385
tr|J4IBN1|J4IBN1_9APHY/2-647	J4IBN1_9APHY	False	33.599999999999994	599839	Fibroporia radiculosa	0.0008159640056539039
tr|A0A165VRV2|A0A165VRV2_9AGAM/1-643	A0A165VRV2_9AGAM	False	33.599999999999994	1314782	Neolentinus lepideus HHB14362 ss-1	0.00021906786558250385
XP_001838223.2/1-639	XP_001838223.2	True	33.599999999999994	240179	Euphrasia nankotaizanensis	1.1121432580997685e-05
tr|A8P219|A8P219_COPC7/1-639	A8P219_COPC7	False	33.599999999999994	240176	Coprinopsis cinerea okayama7#130	0.00021906786558250385
tr|A0A1J8PQ85|A0A1J8PQ85_9AGAM/1-643	A0A1J8PQ85_9AGAM	False	33.599999999999994	180088	Rhizopogon vesiculosus	0.00021906786558250385
tr|A0A2H3JSG5|A0A2H3JSG5_WOLCO/2-649	A0A2H3JSG5_WOLCO	False	33.8	742152	Wolfiporia cocos MD-104 SS10	0.0008159640056539039
tr|A0A1B7NGS0|A0A1B7NGS0_9AGAM/1-641	A0A1B7NGS0_9AGAM	False	33.599999999999994	1314800	Rhizopogon vinicolor AM-OR11-026	0.00021906786558250385
tr|A0A401GA83|A0A401GA83_9APHY/1-644	A0A401GA83_9APHY	False	33.599999999999994	139825	Sparassis crispa	0.0008159640056539039
tr|A0A371CLQ4|A0A371CLQ4_9APHY/1-642	A0A371CLQ4_9APHY	False	33.599999999999994	139420	Polyporus brumalis	0.0008159640056539039
tr|A0A4S4MTI8|A0A4S4MTI8_9APHY/1-650	A0A4S4MTI8_9APHY	False	33.8	2447956	Antrodiella citrinella	0.0008159640056539039
tr|A0A5C3NW19|A0A5C3NW19_9APHY/1-641	A0A5C3NW19_9APHY	False	33.599999999999994	1314778	Polyporus arcularius HHB13444	0.0008159640056539039
tr|A0A5C3LYG0|A0A5C3LYG0_9AGAR/2-639	A0A5C3LYG0_9AGAR	False	33.599999999999994	68775	Crucibulum laeve	0.00021906786558250385
tr|A0A4S8M4X0|A0A4S8M4X0_DENBC/1-639	A0A4S8M4X0_DENBC	False	33.599999999999994	1314807	Dendrothele bispora CBS 962.96	0.00021906786558250385
tr|A0A1X6MWH7|A0A1X6MWH7_9APHY/2-642	A0A1X6MWH7_9APHY	False	33.599999999999994	670580	Postia placenta MAD-698-R-SB12	0.0008159640056539039
tr|A0A165ILZ5|A0A165ILZ5_9APHY/1-639	A0A165ILZ5_9APHY	False	33.599999999999994	1314785	Laetiporus sulphureus 93-53	0.0008159640056539039
tr|K5XK42|K5XK42_AGABU/1-639	K5XK42_AGABU	False	33.599999999999994	597362	Agaricus bisporus var. burnettii JB137-S8	0.00021906786558250385
tr|A0A1Q3EBI7|A0A1Q3EBI7_LENED/1-643	A0A1Q3EBI7_LENED	False	33.599999999999994	5353	Lentinula edodes	0.00021906786558250385
tr|A0A2A9N9H1|A0A2A9N9H1_9AGAR/1-646	A0A2A9N9H1_9AGAR	False	33.599999999999994	703135	Amanita thiersii Skay4041	0.00021906786558250385
tr|A0A0D7BBW7|A0A0D7BBW7_9AGAR/1-641	A0A0D7BBW7_9AGAR	False	33.599999999999994	1314674	Cylindrobasidium torrendii FP15055 ss-10	0.00021906786558250385
tr|A0A165U9X1|A0A165U9X1_9APHY/2-641	A0A165U9X1_9APHY	False	33.599999999999994	1314783	Daedalea quercina L-15889	0.0008159640056539039
tr|A0A286U5Q1|A0A286U5Q1_9AGAM/1-648	A0A286U5Q1_9AGAM	False	33.699999999999996	2282107	Pyrrhoderma noxium	0.00021906786558250385
tr|K2R576|K2R576_MACPH/1-608	K2R576_MACPH	False	19.0	1126212	Macrophomina phaseolina MS6	0.00028961420656757207
tr|A0A2G8SRN5|A0A2G8SRN5_9APHY/1-640	A0A2G8SRN5_9APHY	False	33.599999999999994	1077348	Ganoderma sinense ZZ0214-1	0.0008159640056539039
tr|F8Q303|F8Q303_SERL3/1-639	F8Q303_SERL3	False	33.599999999999994	936435	Serpula lacrymans var. lacrymans S7.3	0.00021906786558250385
tr|A0A5M3MJ52|A0A5M3MJ52_CONPW/1-639	A0A5M3MJ52_CONPW	False	33.599999999999994	741705	Coniophora puteana RWD-64-598 SS2	0.00021906786558250385
tr|W4JTB1|W4JTB1_HETIT/1-644	W4JTB1_HETIT	False	33.599999999999994	747525	Heterobasidion irregulare TC 32-1	0.00021906786558250385
tr|M5GCQ7|M5GCQ7_DACPD/1-648	M5GCQ7_DACPD	False	33.699999999999996	1858805	Dacryopinax primogenitus	0.00015868382307213794
tr|A0A5C3Q819|A0A5C3Q819_9AGAR/1-641	A0A5C3Q819_9AGAR	False	33.599999999999994	1884261	Pterula gracilis	0.00021906786558250385
tr|A0A5B1QN96|A0A5B1QN96_9AGAM/1-639	A0A5B1QN96_9AGAM	False	33.599999999999994	1883078	Dentipellis sp. KUC8613	0.00021906786558250385
tr|A0A167P4E4|A0A167P4E4_CALVF/1-643	A0A167P4E4_CALVF	False	33.599999999999994	1330018	Calocera viscosa TUFC12733	0.00015868382307213794
tr|A0A0C9T9D2|A0A0C9T9D2_PLICR/2-639	A0A0C9T9D2_PLICR	False	33.599999999999994	944288	Plicaturopsis crispa FD-325 SS-3	0.00021906786558250385
tr|A0A5J5FCE7|A0A5J5FCE7_9PEZI/1-606	A0A5J5FCE7_9PEZI	False	19.0	1250544	Sphaerosporella brunnea	0.0002497227114343345
tr|A0A1M2VA28|A0A1M2VA28_TRAPU/1-625	A0A1M2VA28_TRAPU	False	33.599999999999994	154538	Trametes pubescens	0.0008159640056539039
tr|A0A4Z0A149|A0A4Z0A149_9AGAM/1-639	A0A4Z0A149_9AGAM	False	33.599999999999994	135208	Hericium alpestre	0.00021906786558250385
tr|A0A165F0M1|A0A165F0M1_9BASI/4-642	A0A165F0M1_9BASI	False	33.599999999999994	1353952	Calocera cornea HHB12733	0.00015868382307213794
tr|A0A4Y9YV70|A0A4Y9YV70_9AGAM/93-733	A0A4Y9YV70_9AGAM	False	33.599999999999994	205917	Dentipellis fragilis	0.00021906786558250385
tr|A0A0D1YHI2|A0A0D1YHI2_9EURO/1-608	A0A0D1YHI2_9EURO	False	18.9	1016849	Exophiala sideris	0.0004887094078415678
tr|S8FNA5|S8FNA5_FOMSC/2-641	S8FNA5_FOMSC	False	33.599999999999994	743788		
tr|A0A409VUL1|A0A409VUL1_9AGAR/1-643	A0A409VUL1_9AGAR	False	33.599999999999994	181874	Panaeolus cyanescens	0.00021906786558250385
tr|A0A067PQ89|A0A067PQ89_9AGAM/1-643	A0A067PQ89_9AGAM	False	33.599999999999994	933084	Jaapia argillacea MUCL 33604	0.00021906786558250385
tr|A0A0D2NCE0|A0A0D2NCE0_HYPSF/1-646	A0A0D2NCE0_HYPSF	False	33.599999999999994	945553	Hypholoma sublateritium FD-334 SS-4	0.00021906786558250385
AFO55203.1/1-630	AFO55203.1	True	31.599999999999994	153609	Moniliophthora perniciosa	0.00021906786558250385
tr|A0A284QYF0|A0A284QYF0_ARMOS/1-642	A0A284QYF0_ARMOS	False	34.0	47428	Armillaria ostoyae	0.00021906786558250385
tr|A0A166DDH7|A0A166DDH7_9AGAM/6-644	A0A166DDH7_9AGAM	False	33.599999999999994	1314776	Sistotremastrum suecicum HHB10207 ss-3	0.00021906786558250385
tr|A0A164WSN9|A0A164WSN9_9AGAM/6-644	A0A164WSN9_9AGAM	False	33.599999999999994	1314777	Sistotremastrum niveocremeum HHB9708	0.00021906786558250385
tr|A0A0H2RJ10|A0A0H2RJ10_9AGAM/1-647	A0A0H2RJ10_9AGAM	False	33.599999999999994	27342	Schizopora paradoxa	0.00021906786558250385
tr|A0A369JI11|A0A369JI11_HYPMA/1-644	A0A369JI11_HYPMA	False	33.599999999999994	39966	Hypsizygus marmoreus	0.00021906786558250385
tr|A0A5E3X2T7|A0A5E3X2T7_9AGAM/2-642	A0A5E3X2T7_9AGAM	False	33.599999999999994	718367	Peniophora sp. CBMAI 1063	0.00021906786558250385
tr|A0A166GS67|A0A166GS67_9AGAM/2-638	A0A166GS67_9AGAM	False	33.599999999999994	1314672	Peniophora sp. CONT	0.00021906786558250385
tr|A0A0L6X0R2|A0A0L6X0R2_9AGAR/2-652	A0A0L6X0R2_9AGAR	False	33.599999999999994	1306850	Termitomyces sp. J132	0.00021906786558250385
tr|A0A0C9T329|A0A0C9T329_PLICR/2-637	A0A0C9T329_PLICR	False	33.599999999999994	944288	Plicaturopsis crispa FD-325 SS-3	0.00021906786558250385
tr|A0A067N510|A0A067N510_PLEOS/2-648	A0A067N510_PLEOS	False	33.599999999999994	1137138	Pleurotus ostreatus PC15	0.00021906786558250385
tr|A0A4Y9YTF6|A0A4Y9YTF6_9APHY/2-645	A0A4Y9YTF6_9APHY	False	33.599999999999994	34475	Rhodofomes roseus	0.0008159640056539039
tr|A0A165CTU6|A0A165CTU6_EXIGL/1-634	A0A165CTU6_EXIGL	False	33.599999999999994	1314781	Exidia glandulosa HHB12029	0.00021906786558250385
tr|A0A0B7F5J3|A0A0B7F5J3_THACB/10-637	A0A0B7F5J3_THACB	False	33.599999999999994	1108050	Rhizoctonia solani AG-1 IB	0.00021906786558250385
tr|A0A074S3I4|A0A074S3I4_9AGAM/25-665	A0A074S3I4_9AGAM	False	33.599999999999994	1423351	Rhizoctonia solani 123E	0.00021906786558250385
tr|A0A067SV84|A0A067SV84_GALM3/1-638	A0A067SV84_GALM3	False	33.599999999999994	685588	Galerina marginata CBS 339.88	0.00021906786558250385
tr|A0A1Y2BZ16|A0A1Y2BZ16_9BASI/40-670	A0A1Y2BZ16_9BASI	False	33.599999999999994	106004	Leucosporidium creatinivorum	0.00015868382307213794
tr|A0A5N5QNB3|A0A5N5QNB3_9AGAM/10-631	A0A5N5QNB3_9AGAM	False	33.599999999999994	1582974	Ceratobasidium theobromae	0.00021906786558250385
tr|A0A4S4L9I7|A0A4S4L9I7_9AGAM/1-631	A0A4S4L9I7_9AGAM	False	33.599999999999994	1095465	Bondarzewia mesenterica	0.00021906786558250385
tr|A0A3N4KCJ7|A0A3N4KCJ7_9PEZI/1-630	A0A3N4KCJ7_9PEZI	False	31.599999999999994	1392247	Morchella conica CCBAS932	0.0002497227114343345
tr|A0A3N4IXK2|A0A3N4IXK2_9PEZI/1-619	A0A3N4IXK2_9PEZI	False	31.599999999999994	1336337	Choiromyces venosus 120613-1	0.0002497227114343345
tr|A0A317SNE9|A0A317SNE9_9PEZI/1-616	A0A317SNE9_9PEZI	False	31.599999999999994	42249	Tuber magnatum	0.0002497227114343345
tr|W2RPG2|W2RPG2_9EURO/1-620	W2RPG2_9EURO	False	26.599999999999994	1220924	Cyphellophora europaea CBS 101466	0.0004887094078415678
tr|A0A1Q3EPB9|A0A1Q3EPB9_LENED/5-621	A0A1Q3EPB9_LENED	False	26.599999999999994	5353	Lentinula edodes	0.00021906786558250385
tr|A0A0G2F814|A0A0G2F814_9PEZI/19-633	A0A0G2F814_9PEZI	False	26.599999999999994	1214573	Diaporthe ampelina	0.0002497227114343345
tr|A0A423XCC3|A0A423XCC3_9PEZI/20-640	A0A423XCC3_9PEZI	False	26.599999999999994	1230097	Cytospora leucostoma	0.0002497227114343345
tr|A0A1Y2VTM7|A0A1Y2VTM7_9PEZI/20-636	A0A1Y2VTM7_9PEZI	False	26.599999999999994	1001833	Hypoxylon sp. CI-4A	0.0002497227114343345
tr|W3WUF6|W3WUF6_PESFW/20-633	W3WUF6_PESFW	False	26.599999999999994	1229662	Pestalotiopsis fici W106-1	0.0002497227114343345
tr|A0A5N5LLM5|A0A5N5LLM5_9PEZI/20-650	A0A5N5LLM5_9PEZI	False	26.599999999999994	1571157	Coniochaeta sp. 2T2.1	0.0002497227114343345
tr|A0A7C8MPP6|A0A7C8MPP6_9PEZI/19-637	A0A7C8MPP6_9PEZI	False	26.599999999999994	323545	Xylaria multiplex	0.0002497227114343345
tr|A0A369GZ99|A0A369GZ99_9HYPO/20-639	A0A369GZ99_9HYPO	False	26.599999999999994	2039875	Ophiocordyceps camponoti-leonardi (nom. inval.)	0.0002497227114343345
tr|A0A5N5JNF7|A0A5N5JNF7_9PEZI/20-649	A0A5N5JNF7_9PEZI	False	24.599999999999994	1571157	Coniochaeta sp. 2T2.1	0.0002497227114343345
tr|A0A1Y2UNC7|A0A1Y2UNC7_9PEZI/20-633	A0A1Y2UNC7_9PEZI	False	26.599999999999994	1001938	Hypoxylon sp. CO27-5	0.0002497227114343345
tr|W3XFA4|W3XFA4_PESFW/19-635	W3XFA4_PESFW	False	26.599999999999994	1229662	Pestalotiopsis fici W106-1	0.0002497227114343345
tr|A0A2C6AAW0|A0A2C6AAW0_9HYPO/20-638	A0A2C6AAW0_9HYPO	False	26.599999999999994	2004951	Cordyceps sp. RAO-2017	0.0002497227114343345
tr|A0A423VAB0|A0A423VAB0_9PEZI/12-615	A0A423VAB0_9PEZI	False	21.599999999999994	356882	Valsa malicola	0.0002497227114343345
tr|A0A090D779|A0A090D779_PODAN/60-675	A0A090D779_PODAN	False	26.599999999999994	515849	Podospora anserina S mat+	0.0002497227114343345
